"substudy","min_alpha_nll","alpha_ci_lower","alpha_ci_upper","alpha_variance","min_beta_nll","beta_ci_lower","beta_ci_upper","beta_variance"
68,929.687461189086,0.00525252525252599,0.0129292929292933,3.83517036931611e-06,929.687461189086,0.0125757575757576,0.0168686868686869,1.19932072014853e-06
