"substudy","min_alpha_nll","alpha_ci_lower","alpha_ci_upper","alpha_variance","min_beta_nll","beta_ci_lower","beta_ci_upper","beta_variance"
5,46.1353526201085,0.00378787878787964,0.0164141414141418,1.03747467140868e-05,46.1353526201085,-0.000515151515151515,0.00403030303030303,1.34456717414576e-06
