"substudy","min_alpha_nll","alpha_ci_lower","alpha_ci_upper","alpha_variance","min_beta_nll","beta_ci_lower","beta_ci_upper","beta_variance"
224,33.8157923052924,0.224242424242424,0.315151515151515,0.000537826869658304,33.8157923052924,-0.0352121212121212,-0.0115151515151515,3.65437820712138e-05
