df,AIC
3,633.8369984571729
4,625.8860468356631
