parameter,estimate,ci.lb,ci.ub
sigma^2.3,5.254490796203418,0.8151234087885633,17.12242236778775
sigma.3,2.292267610075974,0.9028418514826189,4.137924886677832
