logLik_no_phylo,logLik_phylo,LRT,df,p_chisq_df1,p_boundary_mixture
-313.9184992285864,-308.94302341783157,9.950951621509716,1,0.0016076627213369248,8.038313606684624e-4
